Total_Nodes	Avr_Path_Length
64	2.75446428571
16384	5.21028526617
65536	5.79027086245
