Total_Nodes	Avr_Path_Length
64	5.33333333333
16384	85.3333333333
65536	170.666666667
